Quarter,PartyName,PortfolioValue,WeightedReturn,PurchaseCount,UniquePoliticians,UniqueStocks,SPYReturn,ExcessReturn
2024-Q4,Democrats,111260000.0,2.9837587124293083,125,17,147,3.0705919594808546,-0.08683324705154627
2024-Q4,Republicans,8350000.0,-1.5605232288390603,127,21,122,3.0705919594808546,-4.631115188319915
2025-Q1,Democrats,39345000.0,-1.1408694903934609,206,21,225,-3.5337985769020195,2.3929290865085586
2025-Q1,Republicans,30485000.0,-6.550911518981107,347,25,304,-3.5337985769020195,-3.0171129420790876
